[
    {
        "id": 101,
        "sku": "1100701",
        "name": "STP COMPRESSION COUPLING",
        "discount": 0,
        "offerEnd": "October 5, 2024 12:11:00",
        "new": false,
        "rating": 4,
        "saleCount": 54,
        "category": ["STP COMPRESSION FITTINGS"],
        "tag": ["electronics", "smartwatch", "health", "notifications"],
        "variation": [
            {
                "image": "/assets/img/pipe-compression.jpg",
                "size": [
                    {
                        "name": "16MM",
                        "stock": 0,
                        "price": 15,
                        "code": "11007010016"
                    },
                    {
                        "name": "20MM",
                        "stock": 0,
                        "price": 200,
                        "code": "11007010016"
                    },
                    {
                        "name": "25MM",
                        "stock": 1,
                        "price": 10,
                        "code": "11007010016"
                    },
                    {
                        "name": "16MM PP",
                        "stock": 0,
                        "price": 1000,
                        "code": "11007010016"
                    },
                    {
                        "name": "16MM PP",
                        "stock": 0,
                        "price": 20,
                        "code": "11007010016"
                    }
                ]
            }
        ],
        "image": [
            "/assets/img/Coupling.jpg",
            "/assets/img/Coupling 2.jpg",
            "/assets/img/Coupling table.jpg"
        ],
        "shortDescription": "A stylish smartwatch with health tracking and notifications.",
        "fullDescription": "Lorem ipsum dolor sit amet, consectetur adipiscing elit, sed do eiusmod tempor incididunt ut labore et dolore magna aliqua. Ut enim ad minim veniam, quis nostrud exercitation ullamco laboris nisi ut aliquip ex ea commodo consequat. Duis aute irure dolor in reprehenderit in voluptate velit esse cillum dolore eu fugiat nulla pariatur.",
        "createdDate": "2024-12-1",
        "additionData": [
            {
                "SAP No. (blue)": "8010041345",
                "Size (mm)": 20,
                "L1": 16.5,
                "L": 37,
                "Z": 4,
                "PCS/CTN": 810
            },
            {
                "SAP No. (blue)": "8010041346",
                "Size (mm)": 25,
                "L1": 18,
                "L": 40,
                "Z": 4,
                "PCS/CTN": 600
            },
            {
                "SAP No. (blue)": "8010041347",
                "Size (mm)": 32,
                "L1": 20.5,
                "L": 45,
                "Z": 4,
                "PCS/CTN": 460
            },
            {
                "SAP No. (blue)": "8010041348",
                "Size (mm)": 40,
                "L1": 22.5,
                "L": 50,
                "Z": 5,
                "PCS/CTN": 240
            },
            {
                "SAP No. (blue)": "8010041349",
                "Size (mm)": 50,
                "L1": 25.5,
                "L": 56,
                "Z": 5,
                "PCS/CTN": 260
            },
            {
                "SAP No. (blue)": "8010041350",
                "Size (mm)": 63,
                "L1": 30,
                "L": 65,
                "Z": 5,
                "PCS/CTN": 160
            },
            {
                "SAP No. (blue)": "8010041351",
                "Size (mm)": 75,
                "L1": 33,
                "L": 72,
                "Z": 6,
                "PCS/CTN": 100
            },
            {
                "SAP No. (blue)": "8010041352",
                "Size (mm)": 90,
                "L1": 37,
                "L": 78,
                "Z": 4,
                "PCS/CTN": 50
            },
            {
                "SAP No. (blue)": "8010041344",
                "Size (mm)": 110,
                "L1": 42,
                "L": 90,
                "Z": 5,
                "PCS/CTN": 36
            }
        ]
    },
    {
        "id": 102,
        "sku": "1100702",
        "name": "STP COMPRESSION REDUCING COUPLING",
        "discount": 5,
        "offerEnd": "October 15, 2024 18:00:00",
        "new": true,
        "rating": 4.5,
        "saleCount": 100,
        "category": ["STP COMPRESSION FITTINGS"],
        "tag": ["electronics", "audio", "earbuds", "noise-canceling"],
        "variation": [
            {
                "image": "/assets/img/Poly_Mechanical_Compression.jpg",
                "size": [
                    {
                        "name": "20-16MM",
                        "stock": 8,
                        "price": 200,
                        "code": "11007010016"
                    },
                    {
                        "name": "25-20 MM",
                        "stock": 5,
                        "price": 20,
                        "code": "11007010016"
                    }
                ]
            }
        ],
        "image": [
            "/assets/img/Poly_Mechanical_Compression.jpg",
            "/assets/img/Poly_Mechanical_Compression.jpg"
        ],
        "shortDescription": "Noise-canceling earbuds with superior sound quality.",
        "fullDescription": "Lorem ipsum dolor sit amet, consectetur adipiscing elit. Integer nec odio. Praesent libero. Sed cursus ante dapibus diam. Sed nisi.",
        "createdDate": "2024-12-15"
    },
    {
        "id": 103,
        "sku": "1100703",
        "name": "STP COMPRESSION FEMALE ADAPTER",
        "price": 39.99,
        "discount": 15,
        "offerEnd": "November 1, 2024 12:00:00",
        "new": true,
        "rating": 4.2,
        "saleCount": 150,
        "category": ["STP COMPRESSION FITTINGS"],
        "tag": ["electronics", "portable charger", "power bank"],
        "variation": [
            {
                "image": "/assets/img/premiumplast-compression.jpg",
                "size": [
                    {
                        "name": "2000AM",
                        "stock": 20,
                        "price": 50,
                        "code": "12001000020"
                    }
                ]
            }
        ],
        "image": [
            "/assets/img/premiumplast-compression.jpg",
            "/assets/img/premiumplast-compression.jpg"
        ],
        "shortDescription": "Compact power bank with fast charging capabilities.",
        "fullDescription": "Lorem ipsum dolor sit amet, consectetur adipiscing elit. Integer nec odio. Praesent libero. Sed cursus ante dapibus diam.",
        "createdDate": "2024-12-16"
    },
    {
        "id": 104,
        "sku": "120010",
        "name": "HYDRO FIT GRIP RING",
        "price": 89.99,
        "discount": 20,
        "offerEnd": "October 20, 2024 15:00:00",
        "new": false,
        "rating": 4.7,
        "saleCount": 300,
        "category": ["HYDROFIT COPMRESSION FITTINGS"],
        "tag": ["electronics", "speaker", "bass", "waterproof"],
        "variation": [
            {
                "image": "/assets/img/HMDGR50.jpg",
                "size": [
                    {
                        "name": "20 MM",
                        "stock": 10,
                        "price": 20,
                        "code": "12001000020"
                    },
                    {
                        "name": "25MM",
                        "stock": 10,
                        "price": 20,
                        "code": "12001000025"
                    }
                ]
            }
        ],
        "image": ["/assets/img/HMDGR50.jpg", "/assets/img/HMDGR50.jpg"],
        "shortDescription": "Waterproof speaker with exceptional bass.",
        "fullDescription": "Lorem ipsum dolor sit amet, consectetur adipiscing elit. Fusce ut massa sit amet nulla venenatis elementum non in purus.",
        "additionData": [
            {
                "specifications": "8010041345",
                "dn1": 20,
                "dn2": 16.5,
                "L": 37,
                "A": 4,
                "B": 810,
                "d": 4.7,
                "item number": "XDDD-50"
            },
            {
                "specifications": "8010041346",
                "dn1": 25,
                "dn2": 18,
                "L": 40,
                "A": 4,
                "B": 600,
                "d": 4.7,
                "item number": "XDDD-50"
            },
            {
                "specifications": "8010041347",
                "dn1": 32,
                "dn2": 20.5,
                "L": 45,
                "A": 4,
                "B": 460,
                "d": 4.7,
                "item number": "XDDD-50"
            },
            {
                "specifications": "8010041348",
                "dn1": 40,
                "dn2": 22.5,
                "L": 50,
                "A": 5,
                "B": 240,
                "d": 4.7,
                "item number": "XDDD-50"
            },
            {
                "specifications": "8010041349",
                "dn1": 50,
                "dn2": 25.5,
                "L": 56,
                "A": 5,
                "B": 260,
                "d": 4.7,
                "item number": "XDDD-50"
            },
            {
                "specifications": "8010041350",
                "dn1": 63,
                "dn2": 30,
                "L": 65,
                "A": 5,
                "B": 160,
                "d": 4.7,
                "item number": "XDDD-50"
            },
            {
                "specifications": "8010041351",
                "dn1": 75,
                "dn2": 33,
                "L": 72,
                "A": 6,
                "B": 100,
                "d": 4.7,
                "item number": "XDDD-50"
            },
            {
                "specifications": "8010041352",
                "dn1": 90,
                "dn2": 37,
                "L": 78,
                "A": 4,
                "B": 50,
                "d": 4.7,
                "item number": "XDDD-50"
            },
            {
                "specifications": "8010041344",
                "dn1": 110,
                "dn2": 42,
                "L": 90,
                "A": 5,
                "B": 36,
                "d": 4.7,
                "item number": "XDDD-50"
            }
        ]
    },
    {
        "id": 105,
        "sku": "12002000020",
        "name": "COMPRSSION RING",
        "price": 149.99,
        "discount": 0,
        "offerEnd": "December 1, 2024 09:00:00",
        "new": true,
        "rating": 4.3,
        "saleCount": 75,
        "category": ["HYDROFIT COPMRESSION FITTINGS"],
        "tag": ["electronics", "camera", "4K", "action camera"],
        "variation": [
            {
                "color": "black",
                "image": "/assets/img/COMPRSSION RING.jpg",
                "size": [
                    {
                        "name": "20MM ",
                        "stock": 12,
                        "price": 119.99,
                        "code": "12002000020"
                    },
                    {
                        "name": "25MM",
                        "stock": 12,
                        "price": 119.99,
                        "code": "12002000025"
                    }
                ]
            }
        ],
        "image": [
            "/assets/img/COMPRSSION RING.jpg",
            "/assets/img/COMPRSSION RING.jpg"
        ],
        "shortDescription": "Capture adventures in stunning 4K resolution.",
        "fullDescription": "Lorem ipsum dolor sit amet, consectetur adipiscing elit. Vivamus faucibus quam ac risus gravida fermentum."
    },
    {
        "id": 106,
        "sku": "1200400",
        "name": "NBR-O-RING",
        "price": 299.99,
        "discount": 25,
        "offerEnd": "November 30, 2024 17:00:00",
        "new": true,
        "rating": 5,
        "saleCount": 30,
        "category": ["HYDROFIT COPMRESSION FITTINGS"],
        "tag": ["electronics", "vr headset", "virtual reality"],
        "variation": [
            {
                "image": "/assets/img/NBR-O-RING.jpeg",
                "size": [
                    {
                        "name": "20MM",
                        "stock": 10,
                        "price": 52,
                        "code": "12004000020"
                    }
                ]
            }
        ],
        "image": ["/assets/img/NBR-O-RING.jpeg", "/assets/img/NBR-O-RING.jpeg"],
        "shortDescription": "Immersive virtual reality headset with high-resolution display.",
        "fullDescription": "Lorem ipsum dolor sit amet, consectetur adipiscing elit. Quisque volutpat augue ac lectus dapibus, vitae laoreet ex interdum."
    },
    {
        "id": 201,
        "sku": "1300801",
        "name": "COMPRESSION COUPLING",
        "price": 179.99,
        "discount": 5,
        "offerEnd": "October 1, 2024 18:00:00",
        "new": true,
        "rating": 4.6,
        "saleCount": 250,
        "category": ["BRASS COMPRESSION FITTINGS"],
        "tag": ["home appliances", "air purifier", "clean air"],
        "variation": [
            {
                "color": "white",
                "image": "/assets/img/COMPRESSION COUPLING.jpg",
                "size": [
                    {
                        "name": "20MM",
                        "stock": 15,
                        "price": 20,
                        "code": "13008010020"
                    },
                    {
                        "name": "25MM",
                        "stock": 15,
                        "price": 20,
                        "code": "13008010025"
                    },
                    {
                        "name": "30MM",
                        "stock": 15,
                        "price": 20,
                        "code": "13008010032"
                    }
                ]
            }
        ],
        "image": [
            "/assets/img/COMPRESSION COUPLING.jpg",
            "/assets/img/COMPRESSION COUPLING.jpg"
        ],
        "shortDescription": "Advanced filtration system for cleaner air.",
        "fullDescription": "Lorem ipsum dolor sit amet, consectetur adipiscing elit. Cras gravida fermentum massa sit amet cursus."
    },
    {
        "id": 202,
        "sku": "1300802",
        "name": "BRASS COMPRESSION MALE ADAPTER",
        "price": 129.99,
        "discount": 0,
        "offerEnd": "December 15, 2024 12:00:00",
        "new": true,
        "rating": 4.5,
        "saleCount": 25,
        "category": ["BRASS COMPRESSION FITTINGS"],
        "tag": ["coffee", "smart", "appliances", "kitchen"],
        "variation": [
            {
                "image": "/assets/img/BRASS COMPRESSION MALE ADAPTER.jpg",
                "size": [
                    {
                        "name": "20MM-1/2",
                        "stock": 15,
                        "price": 20,
                        "code": "13008022020"
                    },
                    {
                        "name": "25MM-3/4",
                        "stock": 15,
                        "price": 20,
                        "code": "13008022525"
                    }
                ]
            }
        ],
        "image": [
            "/assets/img/BRASS COMPRESSION MALE ADAPTER.jpg",
            "/assets/img/BRASS COMPRESSION MALE ADAPTER.jpg"
        ],
        "shortDescription": "Brews coffee with app control and scheduling.",
        "fullDescription": "This coffee maker allows you to brew coffee remotely through an app and set up schedules for brewing times. Perfect for busy mornings or coffee lovers who want convenience at their fingertips."
    },
    {
        "id": 203,
        "sku": "vacuumX203",
        "name": "BRAS COMPRESSION FEMALE ADAPTER",
        "price": 249.99,
        "discount": 10,
        "offerEnd": "November 30, 2024 18:00:00",
        "new": false,
        "rating": 4.7,
        "saleCount": 150,
        "category": ["BRASS COMPRESSION FITTINGS"],
        "tag": ["vacuum", "cordless", "suction", "cleaning"],
        "variation": [
            {
                "color": "Red",
                "image": "/assets/img/BRAS COMPRESSION FEMALE ADAPTER.jpg",
                "size": [
                    {
                        "name": "20MM-1/2",
                        "stock": 15,
                        "price": 20,
                        "code": "13008032020"
                    },
                    {
                        "name": "25MM-3/4",
                        "stock": 15,
                        "price": 20,
                        "code": "13008032025"
                    }
                ]
            }
        ],
        "image": [
            "/assets/img/BRAS COMPRESSION FEMALE ADAPTER.jpg",
            "/assets/img/BRAS COMPRESSION FEMALE ADAPTER.jpg"
        ],
        "shortDescription": "Lightweight vacuum with powerful suction.",
        "fullDescription": "This powerful cordless vacuum cleaner is designed for effortless cleaning with strong suction, long battery life, and a lightweight build perfect for daily use."
    },
    {
        "id": 204,
        "sku": "13008040020",
        "name": "BRASS COMPRESSION EQUAL ELBOW",
        "price": 59.99,
        "discount": 0,
        "offerEnd": "December 1, 2024 09:00:00",
        "new": true,
        "rating": 4.2,
        "saleCount": 75,
        "category": ["BRASS COMPRESSION FITTINGS"],
        "tag": ["kettle", "electric", "kitchen", "temperature"],
        "variation": [
            {
                "color": "Silver",
                "image": "/assets/img/Electric Kettle Prime.jpg",
                "size": [
                    {
                        "name": "20 MM",
                        "stock": 15,
                        "price": 20,
                        "code": "13008042020"
                    },
                    {
                        "name": "25 MM",
                        "stock": 15,
                        "price": 20,
                        "code": "13008042025"
                    }
                ]
            }
        ],
        "image": [
            "/assets/img/BRASS COMPRESSION EQUAL ELBOW.jpg",
            "/assets/img/BRASS COMPRESSION EQUAL ELBOW.jpg"
        ],
        "shortDescription": "Quick heating kettle with temperature settings.",
        "fullDescription": "This electric kettle offers fast boiling with adjustable temperature settings, perfect for your tea, coffee, or other beverages."
    },
    {
        "id": 205,
        "sku": "1300805",
        "name": "BRASS COMPRESSION MALE ELBOW",
        "price": 399.99,
        "discount": 20,
        "offerEnd": "November 25, 2024 10:00:00",
        "new": true,
        "rating": 4.8,
        "saleCount": 200,
        "category": ["BRASS COMPRESSION FITTINGS"],
        "tag": ["vacuum", "robot", "smart", "cleaning"],
        "variation": [
            {
                "color": "Gray",
                "image": "/assets/img/BRASS COMPRESSION male ELBOW.jpg",
                "size": [{ "name": "One size", "stock": 40 }]
            }
        ],
        "image": [
            "/assets/img/BRASS COMPRESSION male ELBOW.jpg",
            "/assets/img/BRASS COMPRESSION male ELBOW.jpg"
        ],
        "shortDescription": "Automatic vacuum cleaner with mapping feature.",
        "fullDescription": "This smart robot vacuum uses advanced mapping and sensor technology to automatically clean your floors with minimal intervention, making it perfect for busy households."
    },
    {
        "id": 101,
        "sku": "1100701",
        "name": "STP COMPRESSION COUPLING",
        "discount": 0,
        "offerEnd": "October 5, 2024 12:11:00",
        "new": false,
        "rating": 4,
        "saleCount": 54,
        "category": ["STP COMPRESSION FITTINGS"],
        "tag": ["electronics", "smartwatch", "health", "notifications"],
        "variation": [
            {
                "image": "/assets/img/pipe-compression.jpg",
                "size": [
                    {
                        "name": "16MM",
                        "stock": 0,
                        "price": 15,
                        "code": "11007010016"
                    },
                    {
                        "name": "20MM",
                        "stock": 0,
                        "price": 200,
                        "code": "11007010016"
                    },
                    {
                        "name": "25MM",
                        "stock": 0,
                        "price": 10,
                        "code": "11007010016"
                    },
                    {
                        "name": "16MM PP",
                        "stock": 0,
                        "price": 1000,
                        "code": "11007010016"
                    },
                    {
                        "name": "16MM PP",
                        "stock": 0,
                        "price": 20,
                        "code": "11007010016"
                    }
                ]
            }
        ],
        "image": [
            "/assets/img/pipe-compression.jpg",
            "/assets/img/Poly_Mechanical_Compression.jpg",
            "/assets/img/pipe-compression.jpg"
        ],
        "shortDescription": "A stylish smartwatch with health tracking and notifications.",
        "fullDescription": "Lorem ipsum dolor sit amet, consectetur adipiscing elit, sed do eiusmod tempor incididunt ut labore et dolore magna aliqua. Ut enim ad minim veniam, quis nostrud exercitation ullamco laboris nisi ut aliquip ex ea commodo consequat. Duis aute irure dolor in reprehenderit in voluptate velit esse cillum dolore eu fugiat nulla pariatur.",
        "createdDate": "2024-12-1"
    },
    {
        "id": 101,
        "sku": "1100701",
        "name": "STP COMPRESSION COUPLING",
        "discount": 0,
        "offerEnd": "October 5, 2024 12:11:00",
        "new": false,
        "rating": 4,
        "saleCount": 54,
        "category": ["STP COMPRESSION FITTINGS"],
        "tag": ["electronics", "smartwatch", "health", "notifications"],
        "variation": [
            {
                "image": "/assets/img/pipe-compression.jpg",
                "size": [
                    {
                        "name": "16MM",
                        "stock": 0,
                        "price": 15,
                        "code": "11007010016"
                    },
                    {
                        "name": "20MM",
                        "stock": 0,
                        "price": 200,
                        "code": "11007010016"
                    },
                    {
                        "name": "25MM",
                        "stock": 0,
                        "price": 10,
                        "code": "11007010016"
                    },
                    {
                        "name": "16MM PP",
                        "stock": 0,
                        "price": 1000,
                        "code": "11007010016"
                    },
                    {
                        "name": "16MM PP",
                        "stock": 0,
                        "price": 20,
                        "code": "11007010016"
                    }
                ]
            }
        ],
        "image": [
            "/assets/img/pipe-compression.jpg",
            "/assets/img/Poly_Mechanical_Compression.jpg",
            "/assets/img/pipe-compression.jpg"
        ],
        "shortDescription": "A stylish smartwatch with health tracking and notifications.",
        "fullDescription": "Lorem ipsum dolor sit amet, consectetur adipiscing elit, sed do eiusmod tempor incididunt ut labore et dolore magna aliqua. Ut enim ad minim veniam, quis nostrud exercitation ullamco laboris nisi ut aliquip ex ea commodo consequat. Duis aute irure dolor in reprehenderit in voluptate velit esse cillum dolore eu fugiat nulla pariatur.",
        "createdDate": "2024-12-1"
    },
    {
        "id": 101,
        "sku": "1100701",
        "name": "STP COMPRESSION COUPLING",
        "discount": 0,
        "offerEnd": "October 5, 2024 12:11:00",
        "new": false,
        "rating": 4,
        "saleCount": 54,
        "category": ["STP COMPRESSION FITTINGS"],
        "tag": ["electronics", "smartwatch", "health", "notifications"],
        "variation": [
            {
                "image": "/assets/img/pipe-compression.jpg",
                "size": [
                    {
                        "name": "16MM",
                        "stock": 0,
                        "price": 15,
                        "code": "11007010016"
                    },
                    {
                        "name": "20MM",
                        "stock": 0,
                        "price": 200,
                        "code": "11007010016"
                    },
                    {
                        "name": "25MM",
                        "stock": 0,
                        "price": 10,
                        "code": "11007010016"
                    },
                    {
                        "name": "16MM PP",
                        "stock": 0,
                        "price": 1000,
                        "code": "11007010016"
                    },
                    {
                        "name": "16MM PP",
                        "stock": 0,
                        "price": 20,
                        "code": "11007010016"
                    }
                ]
            }
        ],
        "image": [
            "/assets/img/pipe-compression.jpg",
            "/assets/img/Poly_Mechanical_Compression.jpg",
            "/assets/img/pipe-compression.jpg"
        ],
        "shortDescription": "A stylish smartwatch with health tracking and notifications.",
        "fullDescription": "Lorem ipsum dolor sit amet, consectetur adipiscing elit, sed do eiusmod tempor incididunt ut labore et dolore magna aliqua. Ut enim ad minim veniam, quis nostrud exercitation ullamco laboris nisi ut aliquip ex ea commodo consequat. Duis aute irure dolor in reprehenderit in voluptate velit esse cillum dolore eu fugiat nulla pariatur.",
        "createdDate": "2024-12-1"
    },
    {
        "id": 101,
        "sku": "1100701",
        "name": "STP COMPRESSION COUPLING",
        "discount": 0,
        "offerEnd": "October 5, 2024 12:11:00",
        "new": false,
        "rating": 4,
        "saleCount": 54,
        "category": ["STP COMPRESSION FITTINGS"],
        "tag": ["electronics", "smartwatch", "health", "notifications"],
        "variation": [
            {
                "image": "/assets/img/pipe-compression.jpg",
                "size": [
                    {
                        "name": "16MM",
                        "stock": 0,
                        "price": 15,
                        "code": "11007010016"
                    },
                    {
                        "name": "20MM",
                        "stock": 0,
                        "price": 200,
                        "code": "11007010016"
                    },
                    {
                        "name": "25MM",
                        "stock": 0,
                        "price": 10,
                        "code": "11007010016"
                    },
                    {
                        "name": "16MM PP",
                        "stock": 0,
                        "price": 1000,
                        "code": "11007010016"
                    },
                    {
                        "name": "16MM PP",
                        "stock": 0,
                        "price": 20,
                        "code": "11007010016"
                    }
                ]
            }
        ],
        "image": [
            "/assets/img/pipe-compression.jpg",
            "/assets/img/Poly_Mechanical_Compression.jpg",
            "/assets/img/pipe-compression.jpg"
        ],
        "shortDescription": "A stylish smartwatch with health tracking and notifications.",
        "fullDescription": "Lorem ipsum dolor sit amet, consectetur adipiscing elit, sed do eiusmod tempor incididunt ut labore et dolore magna aliqua. Ut enim ad minim veniam, quis nostrud exercitation ullamco laboris nisi ut aliquip ex ea commodo consequat. Duis aute irure dolor in reprehenderit in voluptate velit esse cillum dolore eu fugiat nulla pariatur.",
        "createdDate": "2024-12-1"
    },
    {
        "id": 101,
        "sku": "1100701",
        "name": "STP COMPRESSION COUPLING",
        "discount": 0,
        "offerEnd": "October 5, 2024 12:11:00",
        "new": false,
        "rating": 4,
        "saleCount": 54,
        "category": ["STP COMPRESSION FITTINGS"],
        "tag": ["electronics", "smartwatch", "health", "notifications"],
        "variation": [
            {
                "image": "/assets/img/pipe-compression.jpg",
                "size": [
                    {
                        "name": "16MM",
                        "stock": 0,
                        "price": 15,
                        "code": "11007010016"
                    },
                    {
                        "name": "20MM",
                        "stock": 0,
                        "price": 200,
                        "code": "11007010016"
                    },
                    {
                        "name": "25MM",
                        "stock": 0,
                        "price": 10,
                        "code": "11007010016"
                    },
                    {
                        "name": "16MM PP",
                        "stock": 0,
                        "price": 1000,
                        "code": "11007010016"
                    },
                    {
                        "name": "16MM PP",
                        "stock": 0,
                        "price": 20,
                        "code": "11007010016"
                    }
                ]
            }
        ],
        "image": [
            "/assets/img/pipe-compression.jpg",
            "/assets/img/Poly_Mechanical_Compression.jpg",
            "/assets/img/pipe-compression.jpg"
        ],
        "shortDescription": "A stylish smartwatch with health tracking and notifications.",
        "fullDescription": "Lorem ipsum dolor sit amet, consectetur adipiscing elit, sed do eiusmod tempor incididunt ut labore et dolore magna aliqua. Ut enim ad minim veniam, quis nostrud exercitation ullamco laboris nisi ut aliquip ex ea commodo consequat. Duis aute irure dolor in reprehenderit in voluptate velit esse cillum dolore eu fugiat nulla pariatur.",
        "createdDate": "2024-12-1"
    },
    {
        "id": 101,
        "sku": "1100701",
        "name": "STP COMPRESSION COUPLING",
        "discount": 0,
        "offerEnd": "October 5, 2024 12:11:00",
        "new": false,
        "rating": 4,
        "saleCount": 54,
        "category": ["STP COMPRESSION FITTINGS"],
        "tag": ["electronics", "smartwatch", "health", "notifications"],
        "variation": [
            {
                "image": "/assets/img/pipe-compression.jpg",
                "size": [
                    {
                        "name": "16MM",
                        "stock": 0,
                        "price": 15,
                        "code": "11007010016"
                    },
                    {
                        "name": "20MM",
                        "stock": 0,
                        "price": 200,
                        "code": "11007010016"
                    },
                    {
                        "name": "25MM",
                        "stock": 0,
                        "price": 10,
                        "code": "11007010016"
                    },
                    {
                        "name": "16MM PP",
                        "stock": 0,
                        "price": 1000,
                        "code": "11007010016"
                    },
                    {
                        "name": "16MM PP",
                        "stock": 0,
                        "price": 20,
                        "code": "11007010016"
                    }
                ]
            }
        ],
        "image": [
            "/assets/img/pipe-compression.jpg",
            "/assets/img/Poly_Mechanical_Compression.jpg",
            "/assets/img/pipe-compression.jpg"
        ],
        "shortDescription": "A stylish smartwatch with health tracking and notifications.",
        "fullDescription": "Lorem ipsum dolor sit amet, consectetur adipiscing elit, sed do eiusmod tempor incididunt ut labore et dolore magna aliqua. Ut enim ad minim veniam, quis nostrud exercitation ullamco laboris nisi ut aliquip ex ea commodo consequat. Duis aute irure dolor in reprehenderit in voluptate velit esse cillum dolore eu fugiat nulla pariatur.",
        "createdDate": "2024-12-1"
    },
    {
        "id": 101,
        "sku": "1100701",
        "name": "STP COMPRESSION COUPLING",
        "discount": 0,
        "offerEnd": "October 5, 2024 12:11:00",
        "new": false,
        "rating": 4,
        "saleCount": 54,
        "category": ["STP COMPRESSION FITTINGS"],
        "tag": ["electronics", "smartwatch", "health", "notifications"],
        "variation": [
            {
                "image": "/assets/img/pipe-compression.jpg",
                "size": [
                    {
                        "name": "16MM",
                        "stock": 0,
                        "price": 15,
                        "code": "11007010016"
                    },
                    {
                        "name": "20MM",
                        "stock": 0,
                        "price": 200,
                        "code": "11007010016"
                    },
                    {
                        "name": "25MM",
                        "stock": 0,
                        "price": 10,
                        "code": "11007010016"
                    },
                    {
                        "name": "16MM PP",
                        "stock": 0,
                        "price": 1000,
                        "code": "11007010016"
                    },
                    {
                        "name": "16MM PP",
                        "stock": 0,
                        "price": 20,
                        "code": "11007010016"
                    }
                ]
            }
        ],
        "image": [
            "/assets/img/pipe-compression.jpg",
            "/assets/img/Poly_Mechanical_Compression.jpg",
            "/assets/img/pipe-compression.jpg"
        ],
        "shortDescription": "A stylish smartwatch with health tracking and notifications.",
        "fullDescription": "Lorem ipsum dolor sit amet, consectetur adipiscing elit, sed do eiusmod tempor incididunt ut labore et dolore magna aliqua. Ut enim ad minim veniam, quis nostrud exercitation ullamco laboris nisi ut aliquip ex ea commodo consequat. Duis aute irure dolor in reprehenderit in voluptate velit esse cillum dolore eu fugiat nulla pariatur.",
        "createdDate": "2024-12-1"
    },
    {
        "id": 101,
        "sku": "1100701",
        "name": "STP COMPRESSION COUPLING",
        "discount": 0,
        "offerEnd": "October 5, 2024 12:11:00",
        "new": false,
        "rating": 4,
        "saleCount": 54,
        "category": ["STP COMPRESSION FITTINGS"],
        "tag": ["electronics", "smartwatch", "health", "notifications"],
        "variation": [
            {
                "image": "/assets/img/pipe-compression.jpg",
                "size": [
                    {
                        "name": "16MM",
                        "stock": 0,
                        "price": 15,
                        "code": "11007010016"
                    },
                    {
                        "name": "20MM",
                        "stock": 0,
                        "price": 200,
                        "code": "11007010016"
                    },
                    {
                        "name": "25MM",
                        "stock": 0,
                        "price": 10,
                        "code": "11007010016"
                    },
                    {
                        "name": "16MM PP",
                        "stock": 0,
                        "price": 1000,
                        "code": "11007010016"
                    },
                    {
                        "name": "16MM PP",
                        "stock": 0,
                        "price": 20,
                        "code": "11007010016"
                    }
                ]
            }
        ],
        "image": [
            "/assets/img/pipe-compression.jpg",
            "/assets/img/Poly_Mechanical_Compression.jpg",
            "/assets/img/pipe-compression.jpg"
        ],
        "shortDescription": "A stylish smartwatch with health tracking and notifications.",
        "fullDescription": "Lorem ipsum dolor sit amet, consectetur adipiscing elit, sed do eiusmod tempor incididunt ut labore et dolore magna aliqua. Ut enim ad minim veniam, quis nostrud exercitation ullamco laboris nisi ut aliquip ex ea commodo consequat. Duis aute irure dolor in reprehenderit in voluptate velit esse cillum dolore eu fugiat nulla pariatur.",
        "createdDate": "2024-12-1"
    }
]
