[
    {
        "id": 1,
        "name": "STP COMPRESSION FITTINGS",
        "description": "Innovative gadgets and devices to enhance your daily life.",
        "image": "/assets/img/pipe-compression.jpg",
        "show": true
    },
    {
        "id": 2,
        "name": "HYDROFIT COPMRESSION FITTINGS",
        "description": "Modern and efficient appliances for a smarter home.",
        "image": "/assets/img/HYDROFIT COPMRESSION FITTINGS.jpg",
        "show": true
    },
    {
        "id": 3,
        "name": "BRASS COMPRESSION FITTINGS",
        "description": "Trendy clothing and accessories to match your style.",
        "image": "/assets/img/BRASS COMPRESSION FITTINGS.jpg",
        "show": true
    },
    {
        "id": 4,
        "name": "HDPE FITTINGS S/F, B/F, VALVE SDR11/17",
        "description": "Essential equipment for your outdoor adventures.",
        "image": "/assets/img/HDPE FITTINGS SF, BF, VALVE SDR1117.jpg",
        "show": false
    },
    {
        "id": 5,
        "name": "BUTT FUSION WELDING MACHINE",
        "description": "Premium products to keep you looking and feeling your best.",
        "image": "/assets/img/BUTT FUSION WELDING MACHINE.jpg",
        "show": false
    },
    {
        "id": 6,
        "name": "HDPE FITTINGS ELECTROFUSION ",
        "description": "Premium products to keep you looking and feeling your best.",
        "image": "/assets/img/HDPE FITTINGS ELECTROFUSION.png",
        "show": false
    },
    {
        "id": 7,
        "name": "P.V.C FITTINGS VALVE",
        "description": "Premium products to keep you looking and feeling your best.",
        "image": "/assets/img/P.V.C FITTINGS VALVE.jpg",
        "show": false
    },
    {
        "id": 8,
        "name": "P.E SADDLE",
        "description": "Premium products to keep you looking and feeling your best.",
        "image": "/assets/img/P.E SADDLE.jpg",
        "show": false
    },
    {
        "id": 9,
        "name": "IRRIGATION THREADED FITTINGS PP-PE",
        "description": "Premium products to keep you looking and feeling your best.",
        "image": "/assets/img/HARDWARE.jpg",
        "show": false
    },
    {
        "id": 10,
        "name": "IRRIGATION BARBED FITTINGS PE",
        "description": "Premium products to keep you looking and feeling your best.",
        "image": "/assets/img/HARDWARE.jpg",
        "show": false
    },
    {
        "id": 11,
        "name": "IRRIGATION NETWORK ",
        "description": "Premium products to keep you looking and feeling your best.",
        "image": "/assets/img/HARDWARE.jpg",
        "show": false
    },
    {
        "id": 12,
        "name": "IRRIGATION & HDPE PIPE",
        "description": "Premium products to keep you looking and feeling your best.",
        "image": "/assets/img/HARDWARE.jpg",
        "show": false
    },
    {
        "id": 13,
        "name": "IRRIGATION DRIPPER",
        "description": "Premium products to keep you looking and feeling your best.",
        "image": "/assets/img/HARDWARE.jpg",
        "show": false
    },
    {
        "id": 14,
        "name": "IRRIGATION CONTROLLER AND ACCESSORIES",
        "description": "Premium products to keep you looking and feeling your best.",
        "image": "/assets/img/HARDWARE.jpg",
        "show": false
    },
    {
        "id": 15,
        "name": "CALCOOL FOG SYSTEM ",
        "description": "Premium products to keep you looking and feeling your best.",
        "image": "/assets/img/HARDWARE.jpg",
        "show": false
    },
    {
        "id": 16,
        "name": "FOG, FANS & OTHERS",
        "description": "Premium products to keep you looking and feeling your best.",
        "image": "/assets/img/HARDWARE.jpg",
        "show": false
    },
    {
        "id": 17,
        "name": "WATER FOUNTAIN & OTHERS",
        "description": "Premium products to keep you looking and feeling your best.",
        "image": "/assets/img/HARDWARE.jpg",
        "show": false
    },
    {
        "id": 18,
        "name": "WATER FILTERS & OTHERS",
        "description": "Premium products to keep you looking and feeling your best.",
        "image": "/assets/img/HARDWARE.jpg",
        "show": false
    },
    {
        "id": 19,
        "name": "TOOL AND OTHERS",
        "description": "Premium products to keep you looking and feeling your best.",
        "image": "/assets/img/HARDWARE.jpg",
        "show": false
    },
    {
        "id": 20,
        "name": "HDPE DRAINAGE NETWORK",
        "description": "Premium products to keep you looking and feeling your best.",
        "image": "/assets/img/HARDWARE.jpg",
        "show": false
    }
]
