[
    {
        "SAP No. (blue)": "8010041345",
        "Size (mm)": 20,
        "L1": 16.5,
        "L": 37,
        "Z": 4,
        "PCS/CTN": 810
    },
    {
        "SAP No. (blue)": "8010041346",
        "Size (mm)": 25,
        "L1": 18,
        "L": 40,
        "Z": 4,
        "PCS/CTN": 600
    },
    {
        "SAP No. (blue)": "8010041347",
        "Size (mm)": 32,
        "L1": 20.5,
        "L": 45,
        "Z": 4,
        "PCS/CTN": 460
    },
    {
        "SAP No. (blue)": "8010041348",
        "Size (mm)": 40,
        "L1": 22.5,
        "L": 50,
        "Z": 5,
        "PCS/CTN": 240
    },
    {
        "SAP No. (blue)": "8010041349",
        "Size (mm)": 50,
        "L1": 25.5,
        "L": 56,
        "Z": 5,
        "PCS/CTN": 260
    },
    {
        "SAP No. (blue)": "8010041350",
        "Size (mm)": 63,
        "L1": 30,
        "L": 65,
        "Z": 5,
        "PCS/CTN": 160
    },
    {
        "SAP No. (blue)": "8010041351",
        "Size (mm)": 75,
        "L1": 33,
        "L": 72,
        "Z": 6,
        "PCS/CTN": 100
    },
    {
        "SAP No. (blue)": "8010041352",
        "Size (mm)": 90,
        "L1": 37,
        "L": 78,
        "Z": 4,
        "PCS/CTN": 50
    },
    {
        "SAP No. (blue)": "8010041344",
        "Size (mm)": 110,
        "L1": 42,
        "L": 90,
        "Z": 5,
        "PCS/CTN": 36
    }
]
