[
    {
        "id": 1,
        "image": "/assets/img/our-pages/bannar-home-1.jpg",
        "title": "New Arrivals",
        "subtitle": "Choose your products here",
        "link": "/shop-grid-standard"
    },
    {
        "id": 2,
        "image": "/assets/img/our-pages/bannar-home-2.jpg",
        "title": "Featured Products",
        "subtitle": "Choose your products here",
        "link": "/shop-grid-standard"
    },
    {
        "id": 3,
        "image": "/assets/img/our-pages/bannar-home-3.jpg",
        "title": "Best Seller",
        "subtitle": "Choose your products here",
        "link": "/shop-grid-standard"
    }
]
